1, "Sun May 12 17:34:25 +0000 2019", "andyd"
2, "Fri May 10 07:16:25 +0000 2019", "otduet"
3, "Tue May 07 21:45:43 +0000 2019", "doooks"
4, "Sat Mar 30 20:55:08 +0000 2019", "ed_berry"
5, "Sat Mar 23 12:06:27 +0000 2019", "N/A"
6, "Mon Mar 18 15:42:38 +0000 2019", "mscarolbates"
7, "Sat Mar 16 23:02:38 +0000 2019", "andyd"
8, "Wed Mar 13 08:50:22 +0000 2019", "CrossCountryUK"
9, "Wed Mar 13 08:28:30 +0000 2019", "CrossCountryUK"
10, "Tue Mar 12 07:22:47 +0000 2019", "tomcoates"
11, "Mon Mar 11 07:20:57 +0000 2019", "W_R_Chase"
12, "Sun Mar 10 11:19:05 +0000 2019", "_J_sinclair"
13, "Mon Mar 04 20:08:13 +0000 2019", "_a__w_"
14, "Mon Mar 04 18:55:40 +0000 2019", "DownloadFest"
15, "Mon Mar 04 18:52:51 +0000 2019", "_a__w_"
16, "Sat Feb 23 13:40:59 +0000 2019", "ed_berry"
17, "Sat Feb 23 13:39:55 +0000 2019", "ed_berry"
18, "Sat Feb 23 13:25:41 +0000 2019", "ed_berry"
19, "Fri Feb 15 18:21:53 +0000 2019", "CaseyNeistat"
20, "Sun Feb 10 09:00:36 +0000 2019", "0xdade"
21, "Fri Feb 01 12:03:27 +0000 2019", "N/A"
22, "Sat Jan 26 18:48:34 +0000 2019", "LZZYHALE"
23, "Tue Jan 22 08:15:43 +0000 2019", "mmaibaum"
24, "Tue Jan 22 07:58:40 +0000 2019", "mmaibaum"
25, "Tue Jan 22 07:23:43 +0000 2019", "glenathan"
26, "Sat Jan 19 09:15:14 +0000 2019", "CasualEffects"
27, "Fri Jan 18 20:46:47 +0000 2019", "caroldecker"
28, "Fri Jan 18 20:44:16 +0000 2019", "TheJennTracker"
29, "Sat Jan 12 20:12:24 +0000 2019", "yogthos"
30, "Thu Jan 10 07:56:32 +0000 2019", "tomscott"
31, "Mon Jan 07 20:04:02 +0000 2019", "N/A"
32, "Sat Jan 05 17:02:25 +0000 2019", "micklesb"
33, "Sun Dec 30 14:48:45 +0000 2018", "dataelixir"
34, "Sun Dec 30 01:19:26 +0000 2018", "caroldecker"
35, "Wed Dec 26 22:34:32 +0000 2018", "VVVGamer"
36, "Wed Dec 26 22:27:02 +0000 2018", "_a__w_"
37, "Wed Dec 26 21:55:57 +0000 2018", "_a__w_"
38, "Wed Dec 26 21:47:22 +0000 2018", "_a__w_"
39, "Mon Dec 24 21:12:25 +0000 2018", "carrieffisher"
40, "Sun Dec 02 00:58:16 +0000 2018", "JenniferNoyes"
41, "Sat Nov 24 20:29:57 +0000 2018", "DerbyshireRPU"
42, "Sat Nov 24 11:58:48 +0000 2018", "N/A"
43, "Fri Nov 23 20:18:18 +0000 2018", "ed_berry"
44, "Sat Nov 17 08:39:55 +0000 2018", "iamdevloper"
45, "Tue Nov 13 09:03:14 +0000 2018", "N/A"
46, "Mon Nov 12 16:04:27 +0000 2018", "jenstirrup"
47, "Thu Nov 08 09:00:24 +0000 2018", "N/A"
48, "Mon Nov 05 18:36:08 +0000 2018", "owen_omalley"
49, "Sun Nov 04 12:52:18 +0000 2018", "David3141593"
50, "Fri Nov 02 09:52:29 +0000 2018", "DalaiLama"
51, "Sun Oct 14 16:38:07 +0000 2018", "thetimtracker"
52, "Wed Oct 10 03:04:37 +0000 2018", "thetimtracker"
53, "Tue Oct 02 19:30:50 +0000 2018", "iRacing"
54, "Wed Sep 05 17:20:43 +0000 2018", "iRacingSupport"
55, "Sat Sep 01 17:25:58 +0000 2018", "LucyDavinhart"
56, "Wed Aug 29 17:38:30 +0000 2018", "ShakespearesRT"
57, "Sun Aug 26 10:19:25 +0000 2018", "_a__w_"
58, "Sat Aug 25 17:49:44 +0000 2018", "LittleAngelsJam"
59, "Tue Aug 21 15:11:06 +0000 2018", "YorkshireWP"
60, "Tue Aug 21 06:20:00 +0000 2018", "_a__w_"
61, "Mon Aug 20 20:45:48 +0000 2018", "ShakespearesRT"
62, "Sun Aug 19 18:22:21 +0000 2018", "ShakespearesRT"
63, "Thu Aug 16 19:06:00 +0000 2018", "AlisonMoyet"
64, "Thu Aug 16 19:01:58 +0000 2018", "BBende"
65, "Thu Aug 16 09:50:32 +0000 2018", "N/A"
66, "Mon Aug 13 07:52:34 +0000 2018", "PrincenAlice"
67, "Thu Aug 09 07:02:14 +0000 2018", "iRacing"
68, "Mon Aug 06 15:52:27 +0000 2018", "Ellen_Friedman"
69, "Sun Aug 05 19:12:20 +0000 2018", "ShakespearesRT"
70, "Fri Aug 03 21:26:40 +0000 2018", "caroldecker"
71, "Fri Aug 03 19:32:20 +0000 2018", "Stubbs"
72, "Fri Aug 03 16:46:37 +0000 2018", "IanMcKellen"
73, "Fri Aug 03 16:22:38 +0000 2018", "Stubbs"
74, "Fri Aug 03 16:17:30 +0000 2018", "TheAndyMaturin"
75, "Fri Jul 27 16:00:44 +0000 2018", "CrossCountryUK"
76, "Fri Jul 27 15:33:05 +0000 2018", "CrossCountryUK"
77, "Wed Jul 25 06:23:41 +0000 2018", "N/A"
78, "Mon Jul 23 18:14:58 +0000 2018", "gemma_barnes"
79, "Fri Jul 20 14:34:34 +0000 2018", "N/A"
80, "Fri Jul 13 20:20:29 +0000 2018", "benshephard"
81, "Fri Jul 13 08:05:55 +0000 2018", "StevenJGPerez"
82, "Thu Jul 12 12:13:02 +0000 2018", "SkyBetCareers"
83, "Wed Jul 11 20:02:11 +0000 2018", "tomcoates"
84, "Sun Jul 08 16:19:50 +0000 2018", "ShakespearesRT"
85, "Sun Jul 08 15:55:46 +0000 2018", "StephenKing"
86, "Fri Jul 06 08:08:54 +0000 2018", "NThardwick"
87, "Wed Jul 04 06:16:25 +0000 2018", "PrincenAlice"
88, "Mon Jul 02 15:54:41 +0000 2018", "EE"
89, "Sat Jun 30 21:35:48 +0000 2018", "_a__w_"
90, "Fri Jun 29 19:50:21 +0000 2018", "andyburgin"
91, "Wed Jun 20 19:22:24 +0000 2018", "iRacing"
92, "Wed Jun 06 18:36:36 +0000 2018", "StabbyCutyou"
93, "Sat Jun 02 18:50:25 +0000 2018", "tarbard"
94, "Fri Jun 01 20:50:47 +0000 2018", "Ellen_Friedman"
95, "Fri Jun 01 17:28:30 +0000 2018", "kblock43"
96, "Fri Jun 01 15:26:29 +0000 2018", "BristolStMotors"
97, "Thu May 24 20:16:45 +0000 2018", "Stubbs"
98, "Thu May 24 18:12:34 +0000 2018", "N/A"
99, "Thu May 24 17:01:58 +0000 2018", "Stubbs"
100, "Mon May 21 13:23:21 +0000 2018", "TheJennTracker"
101, "Sat May 19 16:19:56 +0000 2018", "davemethvin"
102, "Thu May 17 21:23:50 +0000 2018", "SkyBetRichard"
103, "Sat May 12 19:54:51 +0000 2018", "grahnort"
104, "Sat May 12 16:11:20 +0000 2018", "British_Airways"
105, "Mon May 07 13:23:27 +0000 2018", "British_Airways"
106, "Mon May 07 12:48:54 +0000 2018", "British_Airways"
107, "Mon May 07 12:33:51 +0000 2018", "British_Airways"
108, "Mon May 07 12:23:23 +0000 2018", "British_Airways"
109, "Sat May 05 20:44:15 +0000 2018", "Magnumonline_"
110, "Tue May 01 10:26:33 +0000 2018", "N/A"
111, "Wed Apr 25 07:00:23 +0000 2018", "andyd"
112, "Sat Apr 21 07:17:11 +0000 2018", "wesmckinn"
113, "Tue Apr 17 11:53:33 +0000 2018", "DerbyshireRPU"
114, "Sun Apr 15 19:40:37 +0000 2018", "thetimtracker"
115, "Sun Apr 15 19:35:20 +0000 2018", "thetimtracker"
116, "Fri Apr 13 13:03:11 +0000 2018", "N/A"
117, "Wed Apr 11 18:05:11 +0000 2018", "PrincenAlice"
118, "Mon Apr 09 19:14:18 +0000 2018", "pvillard31"
119, "Sat Apr 07 19:39:33 +0000 2018", "LeagueOfTaylors"
120, "Fri Apr 06 16:53:21 +0000 2018", "LeagueOfTaylors"
121, "Fri Apr 06 16:35:40 +0000 2018", "LeagueOfTaylors"
122, "Fri Apr 06 16:22:21 +0000 2018", "LeagueOfTaylors"
123, "Wed Apr 04 07:41:10 +0000 2018", "CrossCountryUK"
124, "Wed Apr 04 07:28:57 +0000 2018", "CrossCountryUK"
125, "Wed Apr 04 07:18:24 +0000 2018", "CrossCountryUK"
126, "Fri Mar 30 22:09:00 +0000 2018", "N/A"
127, "Wed Mar 28 17:01:37 +0000 2018", "receptiveio"
128, "Sun Mar 25 13:10:42 +0000 2018", "dylanmckaynz"
129, "Sat Mar 24 23:37:39 +0000 2018", "MercedesAMGF1"
130, "Sat Mar 24 08:47:27 +0000 2018", "random_walker"
131, "Sat Mar 17 19:40:53 +0000 2018", "LittleAngelsJam"
132, "Mon Mar 12 18:12:32 +0000 2018", "mmaibaum"
133, "Wed Feb 28 16:48:53 +0000 2018", "PainPoint"
134, "Sat Feb 10 19:37:32 +0000 2018", "Nijman84"
135, "Sat Feb 10 19:25:44 +0000 2018", "AliceFromOnline"
136, "Thu Feb 01 19:54:47 +0000 2018", "gwenshap"
137, "Thu Feb 01 19:54:07 +0000 2018", "mmaibaum"
138, "Tue Jan 30 15:11:37 +0000 2018", "N/A"
139, "Mon Jan 29 14:11:14 +0000 2018", "N/A"
140, "Sun Jan 28 02:41:22 +0000 2018", "andyd"
141, "Sun Jan 28 02:34:43 +0000 2018", "mholzschlag"
142, "Thu Jan 25 09:30:04 +0000 2018", "doooks"
143, "Fri Jan 19 17:47:01 +0000 2018", "receptiveio"
144, "Wed Jan 17 07:57:35 +0000 2018", "_a__w_"
145, "Sat Dec 30 19:09:19 +0000 2017", "tanurai"
146, "Fri Dec 29 17:27:10 +0000 2017", "richardbranson"
147, "Thu Dec 14 22:29:30 +0000 2017", "chriscornell"
148, "Tue Dec 12 08:35:13 +0000 2017", "CrossCountryUK"
149, "Sun Dec 10 11:47:11 +0000 2017", "Traffic_Galaxy"
150, "Tue Nov 14 19:53:54 +0000 2017", "mmaibaum"
151, "Fri Nov 10 09:07:21 +0000 2017", "Maverick_AC"
152, "Sat Nov 04 00:25:01 +0000 2017", "N/A"
153, "Sat Nov 04 00:09:39 +0000 2017", "mholzschlag"
154, "Fri Nov 03 21:17:58 +0000 2017", "PaulDodsworth4"
155, "Sat Oct 28 22:34:11 +0000 2017", "Maverick_AC"
156, "Thu Oct 19 17:20:19 +0000 2017", "AliceFromOnline"
157, "Tue Oct 17 17:11:06 +0000 2017", "SkyBetClive"
158, "Tue Oct 17 07:52:28 +0000 2017", "EE"
159, "Thu Oct 05 17:43:42 +0000 2017", "letsvava"
160, "Fri Sep 29 17:55:33 +0000 2017", "EMTrains"
161, "Fri Sep 29 17:30:22 +0000 2017", "EMTrains"
162, "Thu Sep 21 21:22:18 +0000 2017", "AliceFromOnline"
163, "Fri Sep 15 19:34:13 +0000 2017", "letsvava"
164, "Tue Sep 05 08:03:05 +0000 2017", "CrossCountryUK"
165, "Tue Sep 05 07:55:31 +0000 2017", "CrossCountryUK"
166, "Thu Aug 31 19:47:12 +0000 2017", "letsvava"
167, "Thu Aug 31 18:22:47 +0000 2017", "letsvava"
168, "Wed Aug 30 20:05:00 +0000 2017", "kellan"
169, "Sun Aug 20 09:12:50 +0000 2017", "tomcoates"
170, "Sun Aug 20 09:11:11 +0000 2017", "bowbrick"
171, "Sat Aug 05 07:25:18 +0000 2017", "tomcoates"
172, "Thu Jul 13 09:03:19 +0000 2017", "N/A"
173, "Wed Jul 12 19:28:23 +0000 2017", "SilverstoneUK"
174, "Wed Jul 12 19:06:46 +0000 2017", "SilverstoneUK"
175, "Wed Jul 12 17:43:33 +0000 2017", "SilverstoneUK"
176, "Sat Jul 08 19:38:06 +0000 2017", "IKBrewCo"
177, "Tue Jul 04 11:21:10 +0000 2017", "TedMalaska"
178, "Sat Jun 17 20:14:42 +0000 2017", "mrrandomname"
179, "Thu Jun 08 20:47:22 +0000 2017", "tomcoates"
180, "Tue May 30 07:23:12 +0000 2017", "richardbranson"
181, "Sun May 28 16:25:22 +0000 2017", "N/A"
182, "Wed May 24 16:04:14 +0000 2017", "EE"
183, "Wed May 17 00:45:24 +0000 2017", "iRacing"
184, "Mon May 15 19:33:44 +0000 2017", "shaunconnolly"
185, "Sat May 13 19:19:50 +0000 2017", "EE"
186, "Fri May 05 18:46:49 +0000 2017", "robinince"
187, "Fri May 05 18:41:30 +0000 2017", "robinince"
188, "Thu Apr 27 20:46:35 +0000 2017", "ryancarson"
189, "Thu Apr 20 06:57:35 +0000 2017", "andyburgin"
190, "Tue Apr 18 17:01:51 +0000 2017", "PeteMcKee"
191, "Mon Apr 17 01:14:29 +0000 2017", "eloise_west"
192, "Mon Apr 17 01:06:45 +0000 2017", "eloise_west"
193, "Mon Apr 17 00:37:08 +0000 2017", "eloise_west"
194, "Sun Apr 16 23:51:38 +0000 2017", "_a__w_"
195, "Sun Apr 16 20:22:04 +0000 2017", "HillF1"
196, "Sun Apr 16 20:13:19 +0000 2017", "ryancarson"
197, "Sun Apr 16 16:59:33 +0000 2017", "ryancarson"
198, "Sun Apr 16 14:44:10 +0000 2017", "MBrundleF1"
199, "Wed Apr 12 20:00:32 +0000 2017", "ST_FastTrack"
200, "Mon Apr 10 17:29:39 +0000 2017", "SkyBetCareers"
