1, "Sat Mar 31 22:49:46 +0000 2018", "KFev93"
2, "Fri Mar 23 12:25:58 +0000 2018", "KFev93"
3, "Thu Mar 01 11:36:11 +0000 2018", "KFev93"
4, "Mon Feb 05 20:57:13 +0000 2018", "NutellaGlobal"
5, "Sat Sep 09 19:38:52 +0000 2017", "KFev93"
6, "Thu Sep 07 09:34:51 +0000 2017", "HannahFoxwell"
7, "Fri Aug 04 12:45:35 +0000 2017", "AWS_UKI"
8, "Tue Aug 01 15:37:59 +0000 2017", "SkyBetCareers"
9, "Thu May 18 10:42:27 +0000 2017", "JoTb17"
10, "Fri Sep 16 21:02:54 +0000 2016", "KFev93"
11, "Wed Jan 27 22:49:22 +0000 2016", "N/A"
12, "Thu Jul 02 05:26:44 +0000 2015", "ViewFromTheQ"
13, "Sat Nov 22 20:57:32 +0000 2014", "Ashleigh_Grady"
14, "Sat Nov 22 20:52:06 +0000 2014", "KFev93"
15, "Sat Nov 22 20:51:01 +0000 2014", "Ashleigh_Grady"
16, "Wed Jul 30 19:08:29 +0000 2014", "MetroRadioNews"
17, "Sun Jun 15 10:20:45 +0000 2014", "N/A"
18, "Wed May 14 05:47:16 +0000 2014", "KFev93"
19, "Sat May 03 17:39:28 +0000 2014", "KFev93"
20, "Fri Apr 11 07:03:24 +0000 2014", "KFev93"
21, "Mon Mar 24 22:10:35 +0000 2014", "AmyeeLouise"
22, "Mon Mar 24 21:58:01 +0000 2014", "Ashleigh_Grady"
23, "Sun Mar 23 15:34:43 +0000 2014", "channingtatum"
24, "Thu Jan 02 23:34:43 +0000 2014", "Ashleigh_Grady"
25, "Mon Nov 25 19:21:17 +0000 2013", "Ashleigh_Grady"
26, "Sat Jun 29 10:12:50 +0000 2013", "Ashleigh_Grady"
27, "Sat Jun 29 10:07:04 +0000 2013", "AmyeeLouise"
28, "Mon Sep 17 21:04:54 +0000 2012", "MavenFiction"
29, "Mon Sep 17 18:41:25 +0000 2012", "MavenFiction"
30, "Sun Sep 16 10:24:30 +0000 2012", "MavenFiction"
31, "Sun Sep 16 09:05:01 +0000 2012", "c_gallowayyy"
32, "Sun Sep 16 08:53:11 +0000 2012", "c_gallowayyy"
33, "Tue Aug 28 20:12:55 +0000 2012", "MavenFiction"
34, "Tue Aug 28 06:14:57 +0000 2012", "MavenFiction"
35, "Mon Aug 27 18:41:12 +0000 2012", "MavenFiction"
36, "Mon Aug 27 12:51:06 +0000 2012", "MavenFiction"
37, "Sun Aug 12 11:31:24 +0000 2012", "TATTOO_fred"
38, "Sun Aug 05 21:35:32 +0000 2012", "N/A"
39, "Sun Aug 05 21:15:01 +0000 2012", "c_gallowayyy"
40, "Thu Jul 26 14:42:00 +0000 2012", "KFev93"
41, "Thu Jul 26 14:33:02 +0000 2012", "KFev93"
42, "Thu Jul 19 18:15:52 +0000 2012", "KFev93"
43, "Tue Jul 17 22:28:04 +0000 2012", "AmyeeLouise"
44, "Sat Jul 14 09:29:22 +0000 2012", "shitmydadsays"
45, "Fri Jul 06 21:20:59 +0000 2012", "lee_chapman"
46, "Fri Jul 06 14:13:53 +0000 2012", "JisterMusic"
47, "Thu Jul 05 12:04:35 +0000 2012", "chriswithers2"
