1, "Thu Mar 07 19:22:47 +0000 2019", "N/A"
2, "Mon Feb 04 14:18:25 +0000 2019", "AskHalifaxBank"
3, "Mon Feb 04 13:51:19 +0000 2019", "AskHalifaxBank"
4, "Mon Jan 21 19:36:27 +0000 2019", "ed_berry"
5, "Tue Dec 25 10:25:50 +0000 2018", "ThatBloke_Jesus"
6, "Fri Dec 14 20:03:05 +0000 2018", "ronnieo147"
7, "Wed Nov 28 14:53:52 +0000 2018", "innesmck"
8, "Fri Nov 23 19:40:49 +0000 2018", "Dominos_UK"
9, "Thu Oct 18 23:11:30 +0000 2018", "HyperopticCS"
10, "Wed Oct 03 07:23:46 +0000 2018", "iRacing"
11, "Fri Sep 28 19:51:15 +0000 2018", "Cotswoldistill"
12, "Wed Sep 19 18:35:48 +0000 2018", "nac2791"
13, "Mon Sep 17 18:53:39 +0000 2018", "dhiraj_bhambani"
14, "Sat Sep 15 23:26:39 +0000 2018", "monzo"
15, "Sat Sep 15 19:05:14 +0000 2018", "monzo"
16, "Wed May 30 23:42:32 +0000 2018", "N/A"
17, "Sat May 12 19:58:07 +0000 2018", "Skindredmusic"
18, "Wed May 02 17:42:47 +0000 2018", "neiltyson"
19, "Sat Apr 28 02:36:13 +0000 2018", "Skindredmusic"
20, "Sat Apr 21 14:05:51 +0000 2018", "N/A"
21, "Sun Apr 15 16:00:53 +0000 2018", "N/A"
22, "Sun Apr 08 09:03:20 +0000 2018", "ed_berry"
23, "Sun Mar 04 13:22:14 +0000 2018", "LeedsCC_Help"
24, "Thu Feb 08 11:20:54 +0000 2018", "bookatrack"
25, "Mon Nov 27 14:22:28 +0000 2017", "SociableFolk"
26, "Sun Oct 22 14:08:24 +0000 2017", "bookatrack"
27, "Thu Aug 03 13:19:08 +0000 2017", "SkyBetCareers"
28, "Sun Jul 02 22:47:32 +0000 2017", "LiveseyTimothy"
29, "Thu Jun 08 13:11:49 +0000 2017", "KITKAT"
30, "Thu May 18 19:35:54 +0000 2017", "N/A"
